<?xml version='1.0' encoding='UTF-8'?>
<level size="1150,800">
	<items>
		<conveyor x="150" y="400" speed="100" height="800" panel="60,-390">
			<product placement="100" shape="square" color="green" content="izzo" kick="yes"/>
			<product placement="250" shape="square" color="red" kick="yes"/>
			<product placement="400" shape="diamond" color="blue" kick="yes"/>
			<product placement="550" shape="circle" color="green" content="smith" kick="yes"/>
		</conveyor>
		<beam x="242" y="437" sender="-185" />
		<sparty x="290" y="340" height="300" pin="1100, 400" kick-duration="0.25" kick-speed="1000"/>
		<scoreboard x="700" y="40">Make Sparty kick all product from the conveyor.<br/>Connect the beam directly to Sparty.</scoreboard>
	</items>
</level>