<?xml version='1.0' encoding='UTF-8'?>
<level size="1150,800">
    <items>
        <sensor x="150" y="430">
            <izzo/>
            <smith/>
            <blue/>
            <circle/>
            <triangle/>
        </sensor>
        <conveyor x="200" y="400" speed="120" height="800" panel="50,-380">
            <product placement="80" shape="triangle" color="green" content="izzo"/>
            <product placement="220" shape="square" color="red" kick="yes"/>
            <product placement="360" shape="diamond" color="blue" content="basketball" kick="yes"/>
            <product placement="500" shape="circle" color="green" content="smith"/>
            <product placement="640" shape="square" color="white" kick="yes"/>
            <product placement="780" shape="diamond" color="yellow" kick="yes"/>
        </conveyor>
        <beam x="300" y="437" sender="-190" />
        <sparty x="350" y="340" height="300" pin="1100, 400" kick-duration="0.3" kick-speed="1050"/>
        <scoreboard x="700" y="40" good="15" bad="-10">
            Make Sparty kick all product from the conveyor<br/>
            that are not green or blue.
        </scoreboard>
    </items>
</level>
